characters_count,and_or_count,blank_line,capital_start,end_dot,imperative_start,wrap_to_72,verb_direct_obj,changed_files_count,changes_methods_count,files_to_body_ratio,methods_to_body_ratio,methods_long,methods_complexity,methods_parameters,added_lines,removed_lines,label
32,1,1,1,1,1,1,1,2,0,0,-1,1,1,1,50,0,good
35,1,1,1,1,1,1,1,4,0,0,-1,-1,-1,-1,8,0,good
45,1,1,1,0,1,1,1,2,6,0,0,-1,0.31,-1,64,10,good
38,1,1,1,1,1,1,1,1,10,0,0,0.38,0.88,1,59,6,good
31,1,1,1,1,1,1,1,1,9,0,0,0.67,0.73,1,161,3,good
30,1,1,1,1,1,1,1,1,4,0,0,1,0.33,1,17,0,good
47,1,1,1,1,1,1,1,2,1,0,0,-1,-1,-1,5,2,good
52,1,1,1,1,1,1,1,1,2,0,0.5,1,1,1,7,6,good
24,1,1,1,1,1,1,1,1,14,0,0,0.47,0.77,0.68,110,17,neutral
28,1,1,1,1,1,1,1,1,7,0,0.14,0.07,0.89,0.61,158,0,good
18,1,1,1,1,1,1,1,1,3,0,0,1,0.95,1,31,5,good
46,1,1,1,1,1,1,1,1,5,0,0.2,0.09,1,1,27,2,good
29,1,1,1,1,1,1,1,1,1,0,0,1,1,1,3,1,good
52,1,1,1,1,1,1,1,1,3,0,0,0.11,0.89,1,23,0,good
80,0,1,0,1,1,0,1,1,6,0,0,0.97,1,1,42,3,neutral
31,1,1,1,1,1,1,1,1,4,0,0.25,-1,0.3,0.03,47,4,good
23,1,1,1,1,1,1,1,1,2,0,0,-1,-1,-1,3,4,good
55,1,1,1,1,1,1,1,3,6,0.33,0,-1,-1,-1,119,113,good
59,1,1,1,1,1,1,1,4,8,0.5,0.12,1,1,1,127,90,good
37,1,1,1,1,1,1,1,1,0,1,-1,-1,-1,-1,2,0,good
19,1,1,1,1,1,1,1,2,4,0,0,-1,0.56,1,35,6,good
66,1,1,1,1,1,1,1,2,2,0,0,0.1,1,1,25,0,good
40,1,1,1,1,1,0,1,1,3,0,0,0.91,1,1,44,2,good
52,1,1,1,1,1,1,1,1,1,0,0,-1,1,1,19,1,good
17,1,1,1,1,1,0,1,1,1,0,1,1,-1,-1,3,4,good
46,1,1,1,1,1,1,1,1,3,0,0,-1,0.33,1,43,12,good
52,1,1,1,0,1,1,1,5,2,0,0,1,1,1,72,43,good
44,1,1,1,1,1,1,0,1,1,0,1,1,-1,-1,0,27,good
60,1,1,1,1,1,1,1,4,3,0,0,-1,-1,-1,63,53,good
37,1,1,1,1,0,1,1,1,1,0,0,-1,-1,-1,1,1,good
55,1,1,1,1,0,1,0,1,4,0,0,0.38,1,1,41,24,good
61,1,1,1,1,1,1,1,4,6,0,0,0.86,1,1,17,4,good
52,0,1,1,1,1,1,1,2,0,0,-1,-1,-1,-1,4,3,good
31,1,1,1,1,1,1,1,2,2,0,0,-1,-1,-1,10,9,good
30,1,1,1,1,1,1,1,4,1,0,0,0.88,1,1,36,2,good
46,1,1,1,0,1,1,0,1,4,0,0,0.52,0.18,1,82,15,neutral
37,1,1,0,1,1,1,1,1,1,0,1,-1,-1,1,12,1,good
43,1,1,0,1,1,1,1,1,2,0,0,-1,-1,-1,8,3,good
48,0,1,0,1,1,1,1,1,1,0,0,1,1,1,10,1,good
48,0,1,1,1,1,1,1,3,3,0,0,-1,1,1,41,2,good
36,1,1,1,1,1,1,1,1,1,0,0,-1,1,1,10,5,good
32,1,1,1,1,1,1,1,2,1,0,0,1,1,1,9,2,good
63,1,1,1,1,1,1,1,2,2,0,0,-1,1,1,9,2,good
21,1,1,1,1,1,1,1,1,4,0,0,0.73,1,1,38,1,good
43,1,1,1,1,0,1,1,1,3,0,0,-1,1,1,40,0,good
27,1,1,1,1,1,1,0,3,3,0,0.33,0.85,1,1,29,11,good
34,1,1,1,1,1,1,1,2,7,0,0,1,1,1,53,22,good
40,1,1,1,1,1,1,1,3,0,0.33,-1,-1,-1,-1,11,5,good
44,1,1,0,1,1,0,1,1,12,0,0.17,0.94,0.35,0.88,69,44,neutral
29,1,1,1,1,1,1,0,1,2,0,0.5,0.77,0.77,0.77,0,14,good
23,1,1,1,1,1,1,1,2,13,0,0.08,0.62,0.7,0.43,119,21,good
40,1,1,0,1,0,1,0,1,1,0,0,1,1,1,3,0,neutral
42,1,1,0,1,1,1,1,2,4,0,0,0.15,1,0.15,36,2,good
27,1,1,1,1,1,1,1,4,1,0,0,1,0.82,1,97,2,good
36,1,1,1,1,1,1,1,2,6,0,0,0.33,0.33,0.33,7,4,good
66,0,1,1,1,1,1,1,1,5,0,0,1,0.21,1,27,5,good
74,1,1,1,1,1,0,1,1,2,0,0,-1,0.82,0.82,15,2,neutral
36,1,1,1,0,0,1,1,1,3,0,0,-1,-1,-1,4,4,neutral
31,1,1,1,1,1,1,1,1,6,0,0,-1,-1,-1,15,15,good
37,1,1,1,1,1,0,1,1,1,0,0,-1,-1,-1,1,1,good
34,0,1,1,1,1,1,1,4,12,0,0,0.35,0.64,0.44,130,11,neutral
32,1,1,1,0,0,1,1,1,1,0,0,-1,1,-1,9,0,good
38,1,1,1,1,1,1,1,1,1,0,0,-1,-1,-1,1,1,good
51,1,1,1,1,1,1,1,1,1,0,0,-1,1,-1,5,0,good
36,1,1,1,1,1,1,1,1,2,0,0,-1,1,1,9,1,good
62,1,1,1,1,1,1,1,1,20,0,0,0.74,0.8,0.84,193,1,neutral
57,1,1,1,1,1,1,1,1,7,0,0,0.5,-1,0.25,26,48,good
29,1,1,1,1,0,1,1,1,1,0,1,-1,1,-1,3,0,good
31,1,1,1,1,1,1,1,1,7,0,0,1,0.83,0.69,58,13,good
21,1,1,1,1,1,1,1,3,7,0,0,0.08,0.5,0.51,181,5,neutral
37,1,1,1,0,1,1,1,1,4,0,0,-1,0.3,1,25,10,good
19,1,1,1,1,1,1,1,1,0,1,-1,-1,-1,-1,36,1,good
63,0,1,1,1,1,1,1,6,12,0,0.17,0.07,0.45,0.4,308,176,bad
66,1,1,1,1,0,1,1,1,2,0,0,1,1,1,27,2,good
36,1,1,1,1,1,1,1,1,1,0,0,-1,-1,1,14,8,good
21,1,1,1,0,1,1,1,1,0,1,-1,-1,-1,-1,1,1,good
41,1,1,1,1,1,1,1,5,30,0,0.03,0.63,0.6,0.5,182,88,neutral
45,1,1,1,0,1,1,1,1,1,0,0,1,1,1,25,12,good
82,1,1,1,1,1,0,1,1,1,0,0,1,-1,1,7,1,good
33,1,1,1,1,0,1,1,1,1,0,0,1,-1,1,0,2,good
54,0,1,1,1,1,1,1,1,2,0,0,1,1,1,11,4,good
53,1,1,1,0,1,1,1,1,6,0,0,1,1,1,21,6,good
78,1,1,1,0,1,0,1,1,1,0,0,-1,-1,1,2,0,neutral
88,0,1,1,0,0,0,1,1,1,0,0,1,-1,1,0,4,bad
58,1,1,1,1,0,1,1,1,1,0,0,1,1,1,1,0,neutral
54,1,1,1,1,1,1,1,1,0,0,-1,-1,-1,-1,1,1,good
76,0,1,1,1,1,0,1,1,1,0,0,1,-1,-1,12,11,neutral
54,1,1,1,1,1,1,1,4,5,0,0,-1,-1,-1,11,20,good
40,1,1,1,1,1,1,1,1,0,1,-1,-1,-1,-1,1,1,good
23,1,1,1,1,0,1,0,3,4,0,0,-1,-1,-1,14,15,neutral
87,1,1,1,1,1,0,1,2,4,0,0,-1,1,1,46,8,neutral
37,1,1,1,1,1,1,1,1,1,0,0,-1,1,-1,17,0,good
36,1,1,1,1,0,1,1,1,1,0,0,1,-1,1,1,5,good
45,1,1,1,1,1,1,1,1,0,0,-1,-1,-1,-1,1,0,good
50,1,1,1,1,1,1,1,4,6,0,0,0.8,-1,-1,30,43,good
29,1,1,1,1,1,1,1,1,5,0,0.2,1,1,1,40,14,good
67,0,1,1,1,1,1,1,2,3,0,0,0.05,1,0.05,62,10,good
23,1,1,1,1,1,1,1,1,1,0,0,-1,1,1,6,2,good
25,1,1,1,1,1,1,1,2,1,0,0,-1,-1,-1,16,1,good
49,1,1,1,1,0,1,1,2,2,0,0,-1,-1,-1,3,1,good
74,1,1,0,1,0,0,1,1,2,0,0,1,-1,1,3,4,bad
26,1,1,0,1,0,1,0,2,1,0,0,1,1,1,19,5,neutral
23,1,1,0,1,0,1,1,1,1,0,0,-1,-1,-1,7,9,good
85,0,1,0,1,0,0,1,2,8,0,0,1,1,0.9,49,44,bad
22,1,1,0,1,0,1,1,1,1,0,0,-1,-1,-1,1,1,good
108,1,1,0,1,0,0,1,1,1,0,0,-1,1,-1,13,10,bad
13,1,1,0,1,0,1,1,1,0,0,-1,-1,-1,-1,7,6,good
27,1,1,0,1,0,1,1,1,1,0,0,-1,-1,-1,1,1,neutral
60,1,1,0,1,0,1,1,1,2,0,0,1,1,1,4,1,good
39,1,1,0,1,0,1,0,3,5,0,0,-1,-1,-1,19,22,neutral
56,1,1,0,1,0,1,1,2,10,0,0,1,1,1,57,51,neutral
58,1,1,0,1,0,1,1,2,3,0,0,1,1,1,21,15,neutral
13,1,1,0,1,0,1,0,1,1,0,0,-1,-1,-1,3,3,neutral
16,1,1,0,1,0,1,1,1,0,0,-1,-1,-1,-1,1,0,neutral
16,1,1,0,1,0,1,1,1,0,0,-1,-1,-1,-1,10,12,neutral
30,1,1,0,1,0,1,0,2,10,0,0,0.42,0.78,0.78,119,11,neutral
16,1,1,0,1,0,1,0,1,2,0,0,-1,-1,-1,2,2,neutral
29,1,1,0,1,0,1,1,1,1,0,1,-1,-1,-1,1,1,good
96,1,1,1,0,0,0,1,23,100,0,0,0.99,1,0.95,818,806,bad
47,1,1,1,1,0,1,1,3,4,0,0.25,0.78,1,0.78,51,3,good
35,1,1,0,1,0,1,1,1,2,0,0,-1,-1,-1,5,4,neutral
116,1,1,1,0,0,0,1,13,14,0,0.57,0.5,1,1,128,72,bad
170,1,1,1,0,0,0,1,12,31,0,0.03,-1,-1,1,166,189,bad
170,1,1,1,0,0,0,1,1,0,0,-1,-1,-1,-1,3,0,bad
27,1,1,1,1,0,1,0,3,2,0,0,-1,-1,-1,4,14,neutral
15,1,1,1,1,0,1,1,1,0,0,-1,-1,-1,-1,6,3,neutral
15,1,1,1,1,0,1,1,1,0,0,-1,-1,-1,-1,40,45,neutral
18,1,1,0,1,1,1,0,1,2,0,0,-1,-1,-1,2,2,bad
20,1,1,0,1,0,1,0,4,0,0,-1,-1,-1,-1,14,12,bad
55,1,1,0,1,0,1,1,2,4,0,0,1,1,1,15,14,neutral
57,1,1,0,1,0,1,0,6,22,0,0,1,1,1,133,65,bad
57,1,1,0,1,0,1,1,21,5,0,0,1,1,1,31,18,bad
24,1,1,0,1,0,1,1,2,2,0,0,1,1,1,4,0,good
23,1,1,0,1,0,1,0,1,1,0,0,-1,-1,-1,1,1,bad
36,1,1,0,1,0,1,1,2,5,0,0,-1,-1,-1,15,42,neutral
16,1,1,0,1,0,1,1,2,1,0,0,-1,-1,-1,3,4,neutral
32,1,1,0,1,0,1,0,20,77,0,0,-1,-1,-1,232,243,bad
52,1,1,0,1,0,1,0,2,9,0,0,0.04,0.42,0.54,60,46,bad
125,0,1,1,0,0,0,1,4,4,0,0,0.11,1,1,146,514,bad
49,1,1,0,1,0,1,1,6,10,0,0.1,-1,-1,-1,228,291,bad
49,1,1,0,1,0,1,1,0,0,-1,-1,-1,-1,-1,0,0,neutral
31,1,1,0,1,0,1,1,2,0,0,-1,-1,-1,-1,43,15,neutral
11,1,1,0,1,0,1,1,2,0,0,-1,-1,-1,-1,2,2,good
16,1,1,0,1,0,1,1,4,9,0,0,0.16,0.72,1,43,4,neutral
104,1,1,0,1,0,0,1,6,11,0,0.09,1,0.55,0.64,20,32,bad
41,0,1,0,1,0,1,1,1,0,0,-1,-1,-1,-1,202,0,bad
23,1,1,0,1,0,1,1,1,0,0,-1,-1,-1,-1,29,0,neutral
40,1,1,0,1,0,1,0,2,0,0,-1,-1,-1,-1,86,178,bad
45,1,1,0,1,0,1,1,2,4,0,0,0.38,1,1,19,21,good
31,1,1,0,1,0,1,0,2,2,0,0,-1,-1,-1,2,2,neutral
42,1,1,0,1,0,1,1,1,0,0,-1,-1,-1,-1,16,5,neutral
29,1,1,0,1,0,1,1,13,46,0,0,0.6,0.99,0.58,341,52,bad
72,1,1,1,1,0,1,1,8,18,0,0,0.93,0.25,1,95,33,neutral
15,1,1,0,1,0,1,1,1,2,0,0,-1,-1,-1,37,10,neutral
37,1,1,0,1,0,1,1,1,2,0,0.5,-1,-1,-1,1,1,good
78,1,1,0,1,0,0,1,3,5,0,0,-1,0.97,0.97,142,10,bad
45,1,1,0,1,0,1,1,1,4,0,0,1,1,1,17,3,good
94,0,1,0,1,0,0,1,1,2,0,0.5,-1,1,1,23,2,bad
45,1,1,0,1,0,1,1,4,7,0,0,0.22,0.59,0.4,1156,9,bad
10,1,1,0,1,0,1,1,1,1,0,0,-1,-1,-1,3,3,bad
66,0,1,0,1,0,1,0,7,30,0,0,1,0.73,1,132,60,bad
64,0,1,0,1,0,1,0,2,3,0,0,-1,1,-1,34,8,bad
60,1,1,0,1,0,1,1,1,2,0,0,0.14,1,-1,10,2,good
29,1,1,0,1,0,1,1,1,5,0,0,0.86,1,1,12,2,good
16,1,1,0,1,0,1,1,1,2,0,0,-1,-1,-1,34,8,neutral
27,1,1,0,1,1,1,0,1,4,0,0,1,-1,1,27,54,good
39,1,1,0,1,0,1,1,1,6,0,0,0.89,0.06,0.06,15,41,good
10,1,1,0,1,0,1,1,1,1,0,0,-1,-1,-1,1,1,neutral
16,1,1,0,1,0,1,1,1,0,0,-1,-1,-1,-1,1,1,neutral
71,1,1,0,1,0,1,1,9,4,0,0,-1,-1,-1,44,9,neutral
13,1,1,0,1,0,1,0,1,1,0,1,-1,1,1,9,0,neutral
29,1,1,0,1,0,1,0,1,0,0,-1,-1,-1,-1,7,0,bad
26,1,1,0,1,0,1,0,1,2,0,0.5,-1,1,-1,27,23,neutral
35,1,1,0,1,0,1,0,5,9,0,0,-1,1,0.29,30,16,bad
16,1,1,0,1,0,1,1,3,0,0,-1,-1,-1,-1,9,6,neutral
96,1,1,0,1,0,0,1,1,3,0,0,-1,-1,-1,3,3,bad
51,1,1,0,1,0,1,1,1,1,0,0,-1,-1,-1,7,1,neutral
17,1,1,0,1,0,1,0,2,0,0,-1,-1,-1,-1,31,2,bad
87,1,1,0,0,0,0,1,1,1,0,0,1,1,1,5,0,bad
19,1,1,0,1,0,1,1,2,1,0,0,1,1,1,13,3,neutral
61,1,1,0,1,0,1,1,3,10,0,0,1,-1,1,33,28,bad
72,1,1,0,1,0,1,1,1,6,0,0,1,1,1,27,15,neutral
16,1,1,0,1,0,1,1,7,0,0,-1,-1,-1,-1,20,19,neutral
64,1,1,0,1,0,1,1,1,40,0,0,1,1,1,51,43,bad
27,1,1,0,1,0,1,1,1,1,0,0,-1,-1,-1,9,0,good
45,1,1,0,1,0,1,1,1,39,0,0,1,1,1,44,41,good
42,1,1,1,1,1,1,0,2,6,0,0,1,1,0.29,33,7,neutral
32,1,1,0,1,0,1,1,5,0,0,-1,-1,-1,-1,0,0,good
73,1,1,0,1,0,0,1,10,44,0,0,1,0.93,1,567,141,bad
50,1,1,0,1,0,1,1,2,2,0,0,-1,-1,-1,1,5,good
23,1,1,0,1,0,1,1,2,0,0,-1,-1,-1,-1,27,1,good
30,1,1,0,1,0,1,0,3,0,0,-1,-1,-1,-1,1528,1353,bad
95,0,1,0,1,0,0,1,4,6,0,0,0.22,1,1,79,24,bad
107,0,1,1,1,0,0,1,1,1,0,0,1,1,1,2,0,bad
21,1,1,0,1,0,1,1,1,2,0,0,-1,-1,-1,4,20,good
58,1,1,0,1,0,0,1,4,6,0,0.33,1,0.58,0.17,72,14,neutral
74,1,1,0,1,0,0,1,1,1,0,1,-1,-1,-1,2,4,bad
39,1,1,0,1,0,1,1,55,0,0,-1,-1,-1,-1,92,66,bad
34,1,1,0,1,0,1,1,2,0,0,-1,1,1,1,24,0,good
18,1,1,0,1,1,1,0,1,2,0,0,-1,-1,-1,5,8,neutral
30,1,1,1,1,1,0,0,0,0,-1,-1,-1,-1,-1,0,0,good
30,1,1,1,1,1,0,0,24,0,0,-1,0.59,0.81,0.9,2892,0,bad
25,1,0,1,1,0,0,1,4,4,0,0.25,0.2,0.4,1,103,0,neutral
15,1,1,1,1,0,0,1,3,3,0,0,0.54,1,0.66,124,1,neutral
48,1,1,1,1,0,0,1,3,2,0,0,-1,1,1,92,12,neutral
82,1,0,1,1,0,0,1,5,7,0,0,0.9,0.9,1,54,9,bad
52,1,0,1,1,0,0,1,2,4,0,0,-1,1,0.38,24,13,good
57,1,1,1,1,0,0,1,0,0,-1,-1,-1,-1,-1,0,0,neutral
33,1,1,0,1,0,0,0,1,1,0,0,-1,-1,-1,2,2,bad
61,1,1,1,1,0,0,1,1,1,0,0,-1,-1,-1,4,3,neutral
47,1,0,1,1,0,0,1,6,6,0,0,0.47,1,1,155,5,neutral
38,1,1,1,1,0,0,1,1,1,0,0,1,1,1,25,0,good
71,0,1,1,0,0,0,1,2,0,0,-1,0.22,-1,1,81,0,neutral
47,1,1,0,1,0,0,1,1,1,0,0,1,-1,1,5,0,good
59,0,1,1,1,0,0,0,5,5,0,0,0.17,1,1,526,53,bad
118,1,1,1,0,0,0,0,2,8,0,0,1,1,1,83,23,bad
21,1,1,1,1,0,0,1,2,8,0,0,0.57,1,1,78,11,neutral
101,0,0,1,1,0,0,1,7,5,0,0,0.81,0.98,0.81,438,13,bad
42,1,1,1,1,0,0,1,2,5,0,0.2,0.5,0.62,0.62,92,15,neutral
118,1,0,1,0,0,0,1,4,1,0,0,-1,-1,1,125,10,bad
19,1,0,1,1,1,0,0,5,3,0,0,-1,0.02,-1,208,7,bad
64,1,1,1,1,0,0,1,2,3,0,0,1,0.4,1,30,4,good
36,1,1,1,1,0,0,0,3,17,0,0,1,1,0.44,65,20,neutral
32,1,0,1,1,0,0,1,1,0,0,-1,1,1,1,120,0,good
21,1,0,1,1,0,0,1,3,2,0,0.5,0.78,1,1,142,2,bad
42,1,1,0,1,0,0,1,1,1,0,0,-1,1,-1,26,0,good
96,0,1,1,0,0,0,1,1,0,0,-1,0.7,1,0.7,119,0,bad
113,0,0,1,1,0,0,1,9,41,0,0.78,1,1,1,227,38,bad
75,0,1,1,0,0,0,1,4,25,0,0,0.46,1,0.54,506,87,bad
42,1,1,1,1,0,0,1,8,6,0,0,-1,-1,-1,24,24,neutral
77,1,1,1,1,1,0,1,1,6,0,0,-1,-1,-1,6,6,bad
29,1,1,1,1,0,0,1,2,0,0,-1,0.1,0.9,0.1,331,0,bad
18,1,1,1,1,0,0,1,1,0,0,-1,1,1,1,16,0,good
65,1,1,1,1,0,0,1,1,0,0,-1,1,0.74,1,91,0,good
36,0,1,0,1,0,0,1,3,4,0,0,1,1,1,57,0,neutral
94,1,1,1,1,0,0,1,2,2,0,1,1,1,1,12,2,bad
37,1,1,1,1,1,0,1,2,2,0,0,-1,-1,-1,3,2,good
48,1,1,1,1,0,0,1,5,0,0,-1,1,0.65,1,182,0,good
60,1,0,1,0,0,0,1,4,7,0,0,-1,1,1,88,6,bad
39,1,1,1,1,0,0,1,9,8,0,0,1,1,1,58,1,neutral
81,0,1,1,0,0,0,1,2,1,0,1,1,1,1,20,0,bad
56,1,0,1,1,0,0,1,3,5,0,0.2,0.35,0.59,0.47,33,6,neutral
33,1,1,1,0,0,0,1,1,0,0,-1,1,1,1,146,0,neutral
43,1,0,1,0,0,0,1,5,24,0,0.08,0.88,1,0.25,184,68,bad
25,1,1,1,1,0,0,1,1,1,0,0,1,-1,1,0,2,good
65,1,1,1,1,0,0,1,1,1,0,0,-1,1,1,5,1,neutral
23,1,1,1,1,0,0,1,1,0,0,-1,1,1,1,140,0,good
89,1,1,1,1,0,0,1,1,1,0,0,-1,1,-1,16,4,bad
38,1,1,1,1,0,0,1,1,0,0,-1,1,1,1,139,0,good
54,0,1,1,1,0,0,1,8,2,0,0.5,0.73,0.15,0.17,10,1108,bad
34,1,1,1,1,0,0,1,7,0,0,-1,0.28,0.85,0.83,1108,0,bad
96,1,1,0,1,0,0,1,1,1,0,0,-1,-1,-1,1,1,bad
28,1,1,1,1,0,0,1,2,0,0,-1,1,1,1,142,1,good
27,1,0,1,1,0,0,1,9,5,0,0,0.43,0.43,0.47,527,0,bad
45,1,0,1,0,0,0,1,7,3,0,0,0.92,0.82,1,167,4,neutral
76,1,1,1,1,0,0,1,1,1,0,0,1,1,1,8,4,bad
78,1,1,1,1,0,0,0,14,28,0,0,0.21,0.99,0.46,726,131,bad
58,1,1,1,0,0,0,1,1,3,0,0,1,1,1,4,1,good
104,0,1,1,1,0,0,1,1,3,0,0.67,1,1,1,26,0,bad
142,0,1,1,1,0,0,1,1,1,0,0,1,-1,1,3,0,bad
106,1,1,1,0,0,0,1,2,12,0,0,0.97,1,0.97,60,9,bad
72,1,1,1,1,0,0,1,4,8,0,0,0.62,0.84,0.75,286,20,bad
30,1,1,1,1,0,0,0,1,1,0,0,-1,-1,-1,0,36,good
64,0,1,1,1,0,0,1,3,14,0,0,0.49,1,0.49,189,2,bad
103,1,1,1,1,0,0,1,3,2,0,0,1,1,1,35,0,bad
48,0,1,1,1,0,0,1,3,7,0,0,1,1,1,63,0,neutral
22,1,1,1,1,0,0,1,4,0,0,-1,1,1,1,118,0,neutral
45,0,1,1,0,0,0,0,7,2,0,0,0.65,0.93,0.65,267,4,bad
37,1,1,1,1,1,0,0,1,1,0,0,-1,-1,-1,1,1,neutral
13,1,0,1,1,0,0,1,11,24,0,0,0.48,0.98,0.44,671,16,bad
89,0,1,1,0,0,0,1,4,0,0,-1,0.15,1,0.57,398,5,bad
54,1,0,1,1,0,0,1,5,3,0,0,0.43,0.44,0.44,119,13,neutral
131,0,1,1,1,0,0,1,6,5,0,0,0.63,1,0.65,145,17,bad
149,1,1,1,1,0,0,1,6,4,0,0,0.6,0.89,0.76,402,12,bad
28,1,1,1,1,0,0,1,2,0,0,-1,1,1,1,43,0,good
22,1,0,1,1,0,0,1,5,3,0,1,0.75,1,1,66,7,good
57,0,1,1,1,0,0,1,2,0,0,-1,1,1,1,323,0,neutral
118,1,1,1,1,0,0,1,9,9,0,0,-1,-1,-1,16,16,bad
43,1,1,1,1,0,0,1,6,8,0,0,1,0.83,1,45,2,good
47,1,0,1,1,0,0,1,5,3,0,0,0.72,0.72,0.64,310,3,neutral
69,1,1,1,1,0,0,1,2,1,0,0,-1,-1,-1,76,69,good
43,1,0,1,1,0,0,1,8,2,0,0,0.46,1,1,102,10,neutral
34,1,1,1,1,0,0,1,3,5,0,0,-1,-1,-1,4,4,good
66,1,1,0,0,0,0,1,2,1,0,0,0.08,1,0.38,96,6,neutral
71,0,1,1,1,0,0,1,2,0,0,-1,1,1,1,224,0,neutral
25,1,1,0,1,0,0,1,1,0,0,-1,1,1,1,174,0,good
71,1,1,1,1,0,0,0,2,3,0,0,1,1,1,6,2,bad
24,1,0,1,1,0,0,1,2,1,0,0,0.73,0.91,1,148,4,good
72,0,1,1,1,0,0,1,1,4,0,0,-1,0.94,1,22,4,good
54,0,1,1,1,0,0,1,3,8,0,0,1,1,1,90,0,neutral
102,1,1,1,0,0,0,1,1,0,0,-1,1,1,1,92,0,bad
44,1,1,1,1,0,0,1,1,4,0,0,-1,-1,-1,6,12,neutral
46,1,1,1,1,0,0,1,1,1,0,0,1,1,1,13,0,good
33,1,1,1,0,0,0,0,2,0,0,-1,0.7,0.88,1,583,0,bad
53,1,1,0,1,0,0,1,1,1,0,0,-1,-1,-1,2,1,neutral
35,1,0,1,1,0,0,1,3,20,0,0.05,0.3,0.97,0.31,190,35,bad
67,1,0,1,1,0,0,1,2,2,0,0.5,1,1,1,35,0,neutral
40,1,1,1,1,0,0,1,1,0,0,-1,1,1,1,30,0,good
24,1,0,1,1,0,0,1,2,0,0,-1,0.42,0.92,0.47,567,0,bad
78,1,1,1,0,0,0,1,2,1,0,0,0.56,-1,0.56,5,94,bad
24,1,1,1,1,1,1,1,7,0,0,-1,-1,-1,-1,449,0,bad
45,0,1,1,1,1,1,1,48,0,0,-1,0.61,0.65,0.77,6205,0,bad
43,1,1,1,1,1,1,1,118,1,0,0,0.62,0.87,0.91,6920,128,bad
31,1,1,1,1,1,1,1,1,0,0,-1,-1,-1,-1,211,211,good
25,1,1,1,1,1,1,1,3,0,0,-1,-1,-1,-1,4,3,good
42,1,1,1,1,1,1,1,15,0,0,-1,-1,-1,-1,93,0,neutral
38,1,1,1,1,1,1,1,27,0,0,-1,-1,-1,-1,35,127,neutral
48,1,1,1,1,1,1,1,7,0,0,-1,-1,-1,-1,29,30,good
43,1,1,1,1,1,1,1,6,0,0,-1,-1,-1,-1,63,0,neutral
38,1,1,1,1,1,1,1,1,0,0,-1,-1,-1,-1,1,1,good
32,1,1,1,1,1,1,1,10,1,0,0,1,1,1,79,47,bad
43,0,1,1,1,0,1,0,26,11,0,0,1,1,1,620,213,bad
35,1,1,1,1,0,1,0,6,1,0,0,1,1,1,140,2,bad
36,1,1,1,1,1,1,1,5,0,0,-1,-1,-1,-1,191,39,neutral
38,0,1,1,1,0,1,1,8,0,0,-1,-1,-1,-1,10,54,neutral
35,0,1,1,1,0,1,1,9,0,0,-1,1,1,1,223,24,bad
8,1,1,1,1,1,1,1,1,0,0,-1,-1,-1,-1,2,2,neutral
30,0,1,1,1,1,1,1,8,0,0,-1,0.57,0.66,1,444,0,bad
33,1,1,1,1,1,1,1,17,5,0,0,0.56,0.44,-1,118,327,bad
55,1,1,1,1,1,1,1,29,8,0,0,0.53,0.89,0.53,415,49,bad
41,1,1,1,1,1,1,1,2,0,0,-1,-1,-1,-1,2,21,good
37,1,1,1,1,1,1,1,1,0,0,-1,-1,-1,-1,5,26,good
49,1,1,1,1,1,1,1,1,1,0,0,-1,1,-1,9,2,good
22,1,1,1,1,0,1,1,1,0,0,-1,-1,-1,-1,2,4,good
31,1,1,1,1,0,1,1,1,0,0,-1,-1,-1,-1,8,2,good
39,1,1,1,1,0,1,1,6,36,0,0,1,0.97,1,202,60,neutral
40,1,1,1,0,1,1,1,26,32,0,0,0.6,0.75,1,220,188,bad
37,1,1,1,1,1,1,1,14,26,0,0,0.68,1,1,229,70,bad
106,0,1,1,0,0,0,1,3,0,0,-1,-1,-1,-1,26,21,bad
35,1,1,1,1,0,1,1,1,0,0,-1,-1,-1,-1,1,1,good
44,0,1,1,0,1,1,1,18,29,0,0,0.93,-1,0.93,105,54,bad
29,1,1,1,1,0,1,0,5,5,0,0,1,1,1,41,0,bad
9,1,1,1,1,1,1,1,1,0,0,-1,-1,-1,-1,2,4,neutral
12,1,1,1,1,1,1,0,1,1,0,0,1,1,1,3,2,bad
26,1,1,1,1,0,1,1,2,1,0,0,-1,1,1,5,2,good
49,1,1,1,1,1,1,1,2,2,0,0,1,-1,1,3,2,good
16,1,1,1,1,0,1,0,8,11,0,0,-1,-1,-1,33,63,bad
34,1,1,1,1,1,1,1,6,2,0,0,1,1,1,11,9,neutral
21,1,1,1,1,1,1,1,12,12,0,0,0.2,1,1,134,65,neutral
35,0,1,1,1,1,1,1,2,0,0,-1,-1,-1,-1,11,7,good
10,1,1,1,1,0,1,0,2,4,0,0,1,-1,-1,5,32,bad
48,1,1,1,1,1,1,1,3,0,0,-1,-1,-1,-1,2,2,good
28,1,1,1,1,0,1,1,1,0,0,-1,-1,-1,-1,2,2,good
42,1,1,1,1,1,1,1,1,0,0,-1,-1,-1,-1,6,6,good
41,1,1,1,1,1,1,1,8,22,0,0,1,1,1,354,124,bad
11,1,1,1,1,0,1,0,2,3,0,0,1,1,1,12,3,neutral
46,1,1,1,1,1,1,1,11,0,0.09,-1,1,1,1,474,0,neutral
66,1,1,1,1,1,1,1,11,0,0,-1,0.71,0.89,1,619,0,neutral
28,1,1,1,1,0,1,0,4,0,0,-1,1,1,1,59,0,bad
13,1,1,1,1,1,1,1,1,0,0,-1,0.6,1,1,99,0,good
41,1,1,1,1,0,1,1,2,0,0,-1,0.32,1,1,181,0,neutral
49,1,1,1,1,0,1,0,2,5,0,0.4,1,1,1,53,18,bad
26,1,1,1,1,0,1,0,2,1,0,0,-1,-1,-1,16,16,bad
30,1,1,1,1,1,1,1,1,3,0,0,1,-1,-1,13,10,good
42,1,1,1,1,1,1,1,11,0,0,-1,0.29,0.11,-1,0,447,good
24,1,1,1,1,1,1,1,6,0,0,-1,0.63,-1,-1,0,254,good
48,1,1,1,1,0,1,1,3,0,0,-1,1,1,1,160,0,neutral
31,0,1,1,0,1,1,1,76,31,0,0,0.58,0.9,0.86,3340,554,bad
9,1,1,1,1,1,1,1,1,0,0,-1,-1,-1,-1,1,0,good
15,1,1,1,1,1,1,1,1,0,0,-1,-1,-1,-1,1,0,good
22,1,1,1,1,0,1,0,3,0,0,-1,-1,-1,-1,4,9,bad
30,1,1,1,1,1,1,1,6,0,0,-1,-1,-1,-1,4,4,good
46,0,1,1,1,1,1,0,27,15,0,0,0.64,0.21,1,306,77,bad
45,1,1,1,1,1,1,1,18,0,0,-1,-1,-1,-1,68,40,neutral
46,0,1,1,1,1,1,1,93,22,0,0,-1,-1,-1,300,406,bad
50,1,1,1,1,1,1,1,1,0,0,-1,-1,-1,-1,1,0,good
47,0,1,1,1,1,1,1,1,2,0,0,-1,-1,-1,8,5,good
17,1,1,1,1,1,1,1,1,0,0,-1,-1,-1,-1,4,3,good
22,1,1,1,1,1,1,1,5,2,0,0,-1,-1,-1,46,24,good
35,1,1,1,1,1,1,1,1,1,0,0,-1,1,1,1,0,good
23,1,1,1,1,0,1,0,11,2,0,0,1,-1,-1,10,11,bad
47,1,1,1,1,1,1,1,1,0,0,-1,-1,-1,-1,2,1,good
48,1,1,1,1,0,1,0,6,6,0,0,-1,0.75,1,33,22,bad
31,1,1,1,1,1,1,1,1,1,0,0,1,1,1,2,0,good
20,1,1,1,1,1,1,1,2,0,0,-1,-1,-1,-1,2,2,good
12,1,1,1,1,1,1,1,1,0,0,-1,-1,-1,-1,1,0,good
31,1,1,1,1,1,1,1,4,0,0,-1,-1,-1,-1,17,22,good
25,1,1,1,1,1,1,1,1,0,0,-1,-1,-1,-1,9,8,good
22,1,1,1,1,1,1,0,7,7,0,0,1,1,1,173,22,bad
55,1,1,1,0,0,1,1,1,0,0,-1,-1,-1,-1,163,0,neutral
38,1,1,1,1,1,1,1,4,0,0,-1,1,1,1,74,0,good
25,1,1,1,1,0,1,0,1,1,0,0,-1,-1,1,1,1,bad
29,1,1,1,1,1,1,1,2,1,0,0,1,1,1,0,19,good
49,0,1,1,0,1,1,1,1,0,0,-1,-1,-1,-1,5,2,good
25,1,1,1,1,1,1,1,4,2,0,0,1,0.67,0.67,2,13,good
48,0,1,1,1,1,1,1,4,2,0,0,-1,1,1,14,5,good
31,1,1,1,1,1,1,1,5,3,0,0,-1,1,1,27,12,good
26,1,1,1,1,1,1,1,2,1,0,0,-1,1,1,3,3,good
49,0,1,1,1,1,1,1,1,0,0,-1,-1,-1,-1,1,1,good
27,1,1,1,1,1,1,1,1,0,0,-1,-1,-1,-1,1,26,good
41,1,1,1,1,1,1,1,4,2,0,0,-1,1,1,18,6,good
34,1,1,1,1,1,1,1,2,2,0,0,1,1,1,23,5,good
101,1,1,1,0,0,0,1,11,0,0,-1,-1,-1,-1,55,25,bad
128,0,1,1,1,1,0,1,6,0,0,-1,-1,-1,-1,17,48,bad
48,1,1,1,1,1,1,1,1,0,0,-1,-1,-1,-1,23,23,good
42,1,1,1,1,1,1,1,5,0,0,-1,0.65,1,1,312,0,neutral
23,1,1,1,1,1,1,1,2,0,0,-1,-1,-1,-1,40,0,good
48,1,1,1,1,1,1,1,1,14,0,0,-1,1,1,80,29,neutral
27,1,1,0,1,0,1,1,3,0,0,-1,-1,-1,-1,5,2,neutral
34,1,1,1,1,1,1,1,3,0,0,-1,-1,-1,-1,2,2,good
44,1,1,0,1,0,1,0,13,46,0,0,1,1,1,260,93,bad
49,1,0,0,1,0,1,0,3,1,0,0,1,-1,-1,4,4,bad
39,0,1,0,1,0,1,1,3,1,0,0,-1,1,1,4,4,good
39,0,1,0,1,0,1,1,3,1,0,0,1,-1,-1,4,4,good
30,1,1,0,1,0,1,0,8,26,0,0,0.47,1,1,152,39,bad
22,1,1,0,1,0,1,0,2,3,0,0,0.61,0.78,0.78,18,3,bad
64,0,1,0,1,0,1,0,9,20,0,0.1,0.43,1,0.43,103,18,bad
108,0,1,0,1,0,0,1,5,24,0,0,-1,1,1,92,35,bad
91,0,1,0,1,0,0,1,5,7,0,0,0.83,0.83,0.83,103,9,bad
23,1,1,0,1,0,1,0,4,0,0,-1,1,1,1,3354,0,bad
34,1,1,0,1,0,1,1,5,8,0,0,0.45,0.94,0.94,81,7,neutral
64,0,1,1,1,0,1,1,15,30,0,0,0.98,1,0.98,319,16,bad
81,0,1,0,0,0,0,0,12,26,0,0,0.79,0.92,0.99,352,51,bad
43,1,1,0,1,0,1,1,14,41,0,0,0.8,0.74,0.88,448,18,bad
36,1,1,0,1,1,1,0,24,11,0,0,1,1,1,325,93,bad
30,1,1,0,1,0,1,0,4,6,0,0,0.63,1,1,91,12,bad
30,1,1,0,1,0,1,0,2,1,0,0,1,1,1,42,1,bad
30,1,1,0,1,0,1,0,2,0,0,-1,-1,-1,-1,0,3,bad
17,1,1,0,1,0,1,1,31,66,0,0,-1,-1,-1,226,220,bad
13,1,1,0,1,0,1,0,3,2,0,0,-1,-1,-1,6,17,bad
30,1,1,0,1,0,1,0,2,0,0,-1,1,1,1,46,0,bad
27,1,1,0,1,0,1,0,6,11,0,0,1,1,1,48,7,bad
27,1,1,0,1,0,1,0,2,1,0,0,1,1,1,75,0,bad
27,1,1,0,1,0,1,0,9,8,0,0,1,1,1,196,2,bad
76,1,1,0,1,0,0,1,5,16,0,0,0.3,1,0.66,210,15,bad
33,1,1,0,1,0,1,1,3,2,0,0,0.12,1,1,69,3,neutral
61,0,1,0,1,0,1,1,6,14,0,0,1,1,1,238,73,bad
32,1,1,0,1,0,1,1,4,2,0,0,1,1,1,207,1,bad
32,1,1,0,1,0,1,1,1,0,0,-1,-1,-1,-1,2,1,good
44,1,1,0,1,0,1,1,14,28,0.07,0,0.79,1,1,376,41,bad
50,1,1,0,1,0,1,1,75,2,0,0,0.39,1,0.77,9986,2,bad
27,1,1,1,1,1,1,0,70,2,0,0,0.35,0.88,1,761,115,bad
53,0,1,0,1,0,1,1,3,2,0,0,1,-1,-1,84,73,neutral
21,1,1,0,1,0,1,1,1,1,0,0,-1,-1,-1,0,4,good
33,1,1,1,1,0,1,1,2,3,0,0,1,-1,-1,47,56,good
33,1,1,1,1,0,1,1,4,7,0,0,-1,1,1,35,40,neutral
13,1,1,0,1,1,1,1,2,2,0,0,-1,1,1,11,6,good
54,1,1,1,1,0,1,1,14,6,0,0,0.98,1,1,243,4,neutral
30,1,1,0,1,0,1,1,2,3,0,0,1,1,1,12,2,good
73,1,1,1,1,0,0,0,13,11,0,0,0.15,1,0.5,352,31,bad
50,1,1,0,1,0,1,1,4,0,0,-1,1,1,1,155,0,neutral
70,0,1,0,1,0,1,0,5,2,0,0,1,1,1,99,5,bad
48,1,1,0,1,0,1,0,1,0,0,-1,-1,-1,-1,0,2,bad
119,1,1,0,1,0,0,1,1,0,0,-1,1,1,1,25,0,bad
35,1,1,0,1,0,1,1,23,28,0,0.04,0.65,0.88,0.77,634,36,bad
54,1,1,1,1,0,1,0,7,26,0,0,0.78,1,1,96,105,bad
54,1,1,1,1,0,1,0,2,24,0,0,1,1,1,92,89,bad
36,1,1,0,1,1,1,0,4,2,0,0,1,0.65,1,64,31,bad
43,1,1,1,1,0,1,0,7,7,0,0,0.58,1,0.58,163,23,bad
35,1,1,0,1,0,1,1,1,0,0,-1,1,1,1,45,0,good
40,1,1,0,1,1,1,0,7,3,0,0,1,0.76,1,72,6,bad
52,0,1,0,1,0,1,1,25,52,0,0,0.76,0.93,0.95,934,139,bad
49,1,1,0,1,0,1,0,3,4,0,0,1,1,1,11,10,bad
49,1,1,0,1,0,1,0,1,22,0,0,1,0.97,1,63,49,bad
20,1,1,0,1,0,1,1,1,1,0,0,-1,1,1,7,2,good
43,1,1,0,1,0,1,1,3,22,0,0,0.89,0.8,1,270,13,neutral
39,1,1,1,1,0,1,1,33,10,0,0,1,1,1,855,2,bad
27,1,1,0,1,1,1,0,55,57,0,0,1,1,1,1020,676,bad
39,1,1,0,1,0,1,1,1,30,0,0,1,1,1,141,0,good
36,0,1,0,1,0,1,1,1,66,0,0,-1,-1,-1,65,67,bad
34,0,1,0,1,0,1,1,2,8,0,0,1,1,1,51,0,neutral
33,1,1,0,1,0,1,1,1,14,0,0,1,1,1,201,0,good
20,1,1,0,1,0,1,1,1,0,0,-1,-1,-1,-1,0,16,good
45,0,1,0,1,0,1,0,3,14,0,0,-1,-1,-1,220,200,bad
24,1,1,0,1,0,1,1,1,6,0,0,1,1,1,84,0,good
18,1,1,1,1,0,1,0,1,0,0,-1,-1,-1,-1,662,0,bad
25,1,1,0,1,0,1,1,1,11,0,0,1,1,1,59,17,good
14,1,1,0,1,0,1,1,1,0,0,-1,-1,-1,-1,20,12,neutral
14,1,1,0,1,0,1,1,1,0,0,-1,-1,-1,-1,2,2,neutral
14,1,1,0,1,0,1,1,1,0,0,-1,-1,-1,-1,2,1,neutral
20,1,1,0,1,0,1,0,8,3,0,0,1,1,1,186,28,bad
20,1,1,0,1,0,1,0,5,41,0,0,1,0.99,1,160,4,bad
28,1,1,1,1,0,1,1,16,20,0,0,1,1,1,434,4,bad
28,1,1,1,1,0,1,1,1,0,0,-1,-1,-1,-1,1,1,good
28,1,1,1,1,0,1,1,15,14,0,0,1,1,1,128,41,bad
38,1,1,0,1,0,1,1,3,1,0,0,1,1,1,40,1,good
41,1,1,0,1,0,1,1,1,0,0,-1,-1,-1,-1,0,31,good
37,1,1,0,1,0,1,1,2,3,0,0,1,1,1,88,2,good
37,1,1,0,1,0,1,1,1,15,0,0,1,1,1,17,0,good
74,0,1,0,1,0,0,0,6,3,0,0,0.79,1,0.88,429,1,bad
38,1,1,0,1,0,1,0,3,14,0,0,0.49,0.71,1,131,14,bad
128,1,1,0,0,0,0,1,6,3,0,0,0.63,0.4,0.63,217,73,bad
35,0,1,1,1,1,1,0,1,0,0,-1,-1,-1,-1,2,2,neutral
28,1,1,1,1,0,1,0,2,16,0,0,0.4,0.77,0.52,142,7,bad
28,1,1,1,1,0,1,0,2,10,0,0,0.39,0.96,0.87,83,3,bad
45,1,1,1,1,0,1,1,1,0,0,-1,-1,-1,-1,6,0,good
75,0,1,0,1,0,0,1,6,0,0,-1,-1,-1,-1,11,8,bad
113,1,1,0,0,0,0,1,74,0,0,-1,0.61,0,0.23,0,9971,bad
35,1,1,0,1,0,1,1,1,0,0,-1,-1,-1,-1,1,1,good
32,0,1,0,1,0,1,0,2,0,0,-1,-1,-1,-1,1,4,neutral
22,1,1,0,1,1,1,0,7,45,0,0,0.78,1,1,196,71,bad
13,1,1,0,1,0,1,0,1,0,0,-1,-1,-1,-1,1,1,neutral
16,1,1,1,0,0,1,1,1,6,0,0,-1,-1,-1,7,24,neutral
83,0,1,1,1,0,0,0,3,1,0,0,0.84,0.36,-1,0,160,bad
109,0,1,1,1,0,0,1,12,24,0,0.29,0.4,1,1,189,35,bad
59,1,1,1,1,0,1,1,21,53,0,0,0.65,0.93,0.65,430,136,bad
121,0,1,0,1,0,0,0,8,13,0,0,-1,1,1,117,29,bad
121,0,1,0,1,0,0,0,13,36,0,0,1,1,1,81,69,bad
26,1,1,1,1,0,1,1,1,0,0,-1,1,1,1,51,0,good
31,1,1,1,1,0,1,1,10,9,0,0,1,1,1,52,0,bad
10,1,1,1,1,1,1,1,1,0,0,-1,-1,-1,-1,3,0,neutral
21,1,1,1,1,1,1,1,1,3,0,0,-1,1,1,34,2,good
36,0,1,1,1,1,1,1,1,4,0,0,-1,-1,-1,14,2,good
17,1,1,1,1,1,1,1,2,4,0,0,1,1,1,52,5,good
9,1,1,1,1,1,1,1,2,6,0,0,1,1,1,13,5,neutral
23,1,1,1,1,1,1,1,1,2,0,0,-1,-1,-1,17,1,good
21,1,1,1,1,1,1,1,2,2,0,0,0.75,1,1,130,3,neutral
35,0,1,1,1,1,1,1,2,0,0,-1,-1,-1,-1,14,2,good
27,1,1,1,1,1,1,1,2,1,0,0,1,1,1,4,1,good
13,1,1,1,1,1,1,1,1,0,0,-1,-1,-1,-1,14,1,good
20,1,1,1,1,1,1,1,1,0,1,-1,-1,-1,-1,4,1,good
16,1,1,1,1,1,1,1,2,0,0,-1,1,1,1,55,0,good
23,1,1,1,1,1,1,1,2,0,0,-1,1,1,1,42,1,good
13,1,1,1,1,1,1,1,1,0,0,-1,-1,-1,-1,2,1,neutral
21,1,1,1,1,1,1,1,2,6,0,0,1,1,1,62,4,good
36,0,1,1,1,1,1,1,2,2,0,0,1,1,1,52,1,neutral
13,1,1,1,1,1,1,1,2,1,0,0,-1,-1,-1,22,1,good
41,0,1,1,1,1,1,1,1,2,0,0,1,-1,-1,7,6,neutral
13,1,1,1,1,1,1,1,1,0,0,-1,-1,-1,-1,4,1,neutral
14,1,1,1,1,1,1,1,1,1,0,0,-1,-1,-1,1,1,good
13,1,1,1,1,1,1,1,1,0,0,-1,-1,-1,-1,4,2,neutral
36,1,1,1,1,1,1,1,1,2,0,0,1,1,1,6,0,good
21,1,1,1,1,1,1,1,1,2,0,0,-1,-1,-1,2,2,good
17,1,1,1,1,1,1,1,1,3,0,0,-1,-1,-1,4,8,good
15,1,1,1,1,1,1,0,1,0,0,-1,-1,-1,-1,1,1,bad
14,1,1,1,1,1,1,1,2,4,0,0,-1,-1,-1,4,3,good
12,1,1,1,1,0,1,0,2,0,0,-1,-1,-1,-1,2,1,bad
18,1,1,1,1,1,1,1,5,2,0,0,0.77,1,1,163,4,neutral
34,1,1,1,1,1,1,1,1,7,0,0,1,1,1,83,63,good
35,1,1,1,1,1,1,1,2,2,0,0,1,0.79,1,79,3,good
31,1,1,1,1,1,1,1,2,2,0,0,1,1,1,35,17,good
30,1,1,1,1,0,1,1,1,1,0,0,1,1,1,1,0,good
13,1,1,1,1,1,1,1,1,0,0,-1,-1,-1,-1,1,0,neutral
10,1,1,1,1,1,1,1,1,1,0,0,1,1,1,1,0,neutral
26,0,1,1,1,1,1,1,1,4,0,0,1,-1,-1,5,1,good
25,1,1,1,1,1,1,1,3,5,0,0,1,1,1,84,32,good
31,1,1,1,1,0,1,0,1,0,0,-1,-1,-1,-1,1,1,neutral
36,1,1,1,1,1,1,1,1,4,0,0,-1,-1,-1,20,17,good
18,1,1,1,1,1,1,1,2,2,0,0,0.29,1,1,11,3,good
19,1,1,1,1,1,1,1,1,1,0,0,-1,-1,-1,4,2,good
38,1,1,1,0,1,1,1,1,1,0,0,-1,1,-1,4,1,good
13,1,1,1,1,1,1,1,1,0,0,-1,-1,-1,-1,12,5,good
17,1,1,1,1,1,1,1,1,3,0,0,-1,-1,-1,0,5,good
17,1,1,1,1,1,1,1,1,1,1,0,-1,-1,-1,2,2,good
18,1,1,1,1,1,1,1,1,1,0,0,-1,-1,-1,2,2,good
16,1,1,1,1,1,1,1,1,1,0,0,1,1,1,1,0,good
33,1,1,1,1,1,1,1,1,7,0,0,1,1,1,21,8,good
32,1,1,1,1,0,1,1,1,2,0,0,0.67,1,0.67,76,71,good
21,1,1,1,1,1,1,0,1,2,0,0,1,1,1,7,1,neutral
54,1,1,0,1,0,1,0,1,1,0,0,-1,-1,-1,1,1,bad
23,1,1,1,1,1,1,1,1,2,0,0,1,1,1,20,1,good
10,1,1,1,1,1,1,0,1,0,0,-1,-1,-1,-1,1,0,bad
14,1,1,1,1,1,1,1,1,2,0,0,-1,-1,-1,1,20,good
12,1,1,1,1,0,1,1,1,2,0,0,-1,-1,-1,1,1,good
21,1,1,1,1,1,1,1,1,5,0,0,-1,-1,-1,11,6,good
22,1,1,1,1,1,1,1,1,1,0,0,-1,-1,-1,4,4,good
19,1,1,1,1,1,1,1,21,11,0,0,0.55,0.7,0.53,7029,3,bad
22,1,1,1,1,1,1,1,1,0,0,-1,-1,-1,-1,7,0,good
23,1,1,1,1,1,1,1,38,2,0,0,0.17,0.11,0.16,108,12758,bad
39,1,1,1,1,1,1,1,1,0,0,-1,-1,-1,-1,1,1,good
46,1,1,1,0,1,1,1,2,5,0,0,0.27,0.42,0.27,39,19,neutral
14,1,1,1,1,1,1,0,1,1,0,0,1,-1,1,6,7,bad
27,1,1,1,0,1,1,1,2,8,0,0,-1,-1,-1,53,59,neutral
43,1,1,1,1,1,1,1,1,0,0,-1,-1,-1,-1,1,1,good
36,1,1,1,1,1,1,1,2,10,0,0,1,1,1,92,6,neutral
11,1,1,1,1,1,1,0,1,1,0,0,-1,-1,-1,3,3,bad
13,1,1,1,1,1,1,1,1,0,0,-1,-1,-1,-1,6,3,neutral
15,1,1,1,1,1,1,1,2,3,0,0,1,-1,1,22,9,good
14,1,1,1,1,1,1,0,2,6,0,0,-1,1,-1,101,108,bad
13,1,1,1,1,1,1,1,1,0,0,-1,-1,-1,-1,16,3,good
17,1,1,1,1,1,1,1,1,0,0,-1,-1,-1,-1,1,1,good
15,1,1,1,1,1,1,1,1,0,0,-1,-1,-1,-1,2,2,good
10,1,1,1,1,1,1,1,1,0,0,-1,-1,-1,-1,1,1,neutral
37,1,1,1,1,1,1,0,4,9,0,0,-1,0.71,-1,89,106,bad
11,1,1,1,1,1,1,0,1,0,0,-1,-1,-1,-1,3,1,bad
7,1,1,1,1,1,1,0,3,4,0,0,-1,-1,-1,1,16,bad
41,1,1,1,1,1,1,1,2,13,0,0,-1,-1,-1,103,133,neutral
13,1,1,1,1,1,1,1,1,0,0,-1,-1,-1,-1,2,2,neutral
17,1,1,1,1,1,0,1,1,0,0,-1,-1,-1,-1,2,2,neutral
41,1,1,1,1,1,1,1,1,0,0,-1,-1,-1,-1,6,2,good
44,1,1,1,1,1,1,1,1,0,0,-1,-1,-1,-1,1,1,good
19,1,1,1,1,1,1,1,2,4,0,0,1,1,1,8,2,good
33,1,1,1,1,1,1,1,2,1,0,1,1,-1,1,17,0,good
34,1,1,1,1,1,1,1,2,0,0,-1,1,-1,1,13,1,good
23,1,1,1,1,1,1,0,1,0,0,-1,-1,1,-1,3,1,neutral
33,1,1,1,0,1,1,1,2,1,0,0,1,1,1,12,1,good
32,1,1,1,1,1,1,1,2,2,0,0,0.8,1,0.8,19,3,good
26,1,1,1,1,1,1,1,2,2,0,0,1,-1,1,15,0,good
16,1,1,1,1,1,1,1,2,2,0,0,1,1,1,4,2,good
16,1,1,1,1,1,1,0,1,2,0,0,-1,1,1,5,1,neutral
14,1,1,1,1,1,1,0,1,3,0,0,1,1,1,20,4,neutral
23,1,1,1,1,1,1,0,1,1,0,0,-1,-1,-1,0,18,neutral
31,1,1,1,1,1,1,1,1,2,0,0,-1,-1,-1,1,1,good
22,1,1,1,1,1,1,1,1,0,0,-1,-1,-1,-1,3,4,good
13,1,1,1,1,1,1,1,1,0,0,-1,-1,-1,-1,1,1,good
24,1,1,1,1,1,1,1,3,2,0,0,-1,-1,-1,25,5,neutral
13,1,1,1,1,1,1,1,1,0,0,-1,-1,-1,-1,1,1,good
32,1,1,1,1,1,1,1,2,1,0,0,1,1,1,5,1,good
10,1,1,1,1,1,1,1,1,0,0,-1,-1,-1,-1,0,1,neutral
44,1,1,1,1,1,1,0,1,0,0,-1,-1,-1,-1,1,1,neutral
18,1,1,0,1,1,1,0,19,0,0,-1,0.37,0.81,0.46,7921,0,bad
18,1,1,0,1,1,1,0,12,0,0,-1,-1,-1,-1,0,4654,bad
6,1,1,0,1,0,1,0,2,2,0,0,-1,-1,-1,44,3,bad
23,1,1,0,1,1,1,1,4,0,0,-1,-1,-1,-1,0,0,good
113,1,1,0,0,1,0,1,4,5,0,0,0.86,0.28,0.71,0,2024,bad
31,1,1,0,1,1,1,0,1,0,0,-1,0.63,0.93,0.65,1203,0,bad
31,1,1,0,1,1,1,1,3,77,0,0,1,0.91,1,246,104,bad
21,1,1,1,0,1,1,1,1,40,0,0,1,0.91,1,131,62,bad
21,1,1,0,1,1,1,1,1,18,0,0,1,1,1,25,33,good
21,1,1,0,1,1,1,1,1,12,0,0,0.02,0.98,0.98,79,76,good
42,1,1,1,1,1,0,1,2,6,0.5,0,-1,0.33,0.17,36,16,neutral
11,1,1,0,1,1,1,1,1,0,0,-1,-1,-1,-1,35,0,good
14,1,1,0,1,1,1,1,1,0,0,-1,-1,-1,-1,9,0,good
6,1,1,0,1,1,1,1,2,25,0,0,0.06,0.98,0.98,99,104,bad
6,1,1,0,1,1,1,1,1,0,0,-1,-1,-1,-1,3,1,bad
15,1,1,0,1,1,1,1,1,0,0,-1,-1,-1,-1,8,7,neutral
15,1,1,0,1,1,1,1,1,0,0,-1,-1,-1,-1,3,1,neutral
40,1,1,1,1,0,1,0,1,1,0,0,-1,-1,-1,1,1,bad
33,1,1,1,1,1,1,1,1,1,0,0,-1,1,-1,4,1,good
42,1,1,1,1,1,1,1,1,1,0,0,-1,1,-1,5,3,good
35,1,1,1,1,1,0,0,3,0,0.33,-1,-1,-1,-1,2,1,bad
41,0,1,0,1,1,1,1,10,76,0,0,0.36,0.07,0.31,510,1736,bad
16,1,1,0,1,1,1,1,5,1,0.2,0,-1,0.08,-1,24,63,good
15,1,1,0,1,1,1,0,1,0,0,-1,-1,-1,-1,1,1,neutral
33,1,1,0,1,1,1,0,2,1,0,0,-1,-1,-1,6,2,neutral
24,0,1,0,1,1,1,0,2,1,0,0,1,-1,1,7,3,bad
9,1,1,0,1,1,1,0,2,0,0,-1,-1,-1,-1,2,2,bad
27,1,1,0,1,1,1,1,1,0,0,-1,-1,-1,-1,0,1,neutral
58,1,1,0,0,1,1,1,4,1,0,0,1,0.67,1,15,7,good
21,1,1,0,1,1,1,1,2,1,0,0,-1,-1,-1,2,2,good
16,1,1,0,1,1,1,0,3,25,0,0,1,1,1,138,117,neutral
11,1,1,0,1,1,1,1,1,1,0,0,-1,-1,-1,4,1,neutral
11,1,1,0,1,1,1,1,1,0,0,-1,-1,-1,-1,1,1,neutral
49,1,1,0,0,1,1,1,7,13,0,0,0.55,0.65,0.6,2363,35,bad
39,1,1,0,1,0,1,1,1,4,0,0,-1,-1,-1,4,4,good
18,1,1,0,1,1,1,0,3,15,0,0,1,1,1,58,13,bad
26,1,1,0,1,1,1,1,2,4,0,0,1,1,1,31,6,good
19,1,1,0,1,1,1,1,3,6,0,0,1,1,1,29,15,good
22,1,1,0,1,1,1,1,6,11,0,0,1,0.44,1,98,27,neutral
16,1,1,0,1,1,1,0,1,1,0,0,-1,-1,-1,1,1,neutral
16,1,1,0,1,0,1,0,4,53,0,0,1,-1,1,134,123,bad
20,1,1,0,1,1,1,0,1,1,0,0,-1,-1,-1,1,1,neutral
16,1,1,0,1,0,1,0,1,0,0,-1,-1,-1,-1,0,3,bad
52,1,1,0,0,0,1,0,3,4,0,0,1,1,0.96,67,17,bad
12,1,1,0,1,1,1,1,1,0,0,-1,-1,-1,-1,32,0,good
80,1,1,0,0,0,0,1,5,16,0,0,-1,-1,-1,234,220,bad
22,1,1,0,1,0,1,0,6,42,0,0,1,1,1,126,88,bad
22,1,1,0,1,0,1,0,1,1,0,0,-1,-1,-1,1,1,neutral
10,1,1,0,1,0,1,0,3,49,0,0,1,-1,1,263,256,bad
17,1,1,0,1,1,1,1,3,38,0,0,1,1,-1,62,45,neutral
24,1,1,0,1,1,1,0,3,2,0,0,-1,-1,-1,3,7,neutral
16,1,1,0,1,1,1,1,1,5,0,0,-1,-1,-1,5,5,good
26,1,1,0,0,1,1,1,1,0,0,-1,-1,-1,-1,0,5,good
5,1,1,0,1,0,1,0,2,1,0,0,-1,1,1,73,28,bad
19,1,1,0,1,1,1,1,2,1,0,0,-1,-1,-1,7,2,good
15,1,1,0,1,1,1,0,1,0,0,-1,-1,-1,-1,2,0,neutral
14,1,1,0,1,1,1,1,3,1,0,0,-1,-1,-1,8,3,good
24,1,1,0,1,1,1,1,3,1,0,0,-1,1,1,8,5,good
34,1,1,0,1,1,1,1,4,12,0,0,-1,-1,-1,27,20,good
17,1,1,0,1,0,1,0,3,20,0,0,-1,-1,-1,30,32,bad
38,1,1,1,0,0,1,0,6,20,0,0,1,-1,-1,36,45,bad
11,1,1,0,1,0,1,0,4,23,0,0,-1,1,-1,48,40,bad
13,1,1,0,1,1,1,0,3,8,0,0,-1,1,-1,12,14,bad
20,1,1,0,1,1,1,1,7,41,0,0,0.87,0.35,0.87,132,96,bad
11,1,1,0,1,0,1,0,4,29,0,0,-1,1,-1,63,70,bad
11,1,1,0,1,0,1,0,1,12,0,0,-1,-1,-1,53,42,bad
15,1,1,0,1,1,1,0,1,1,0,0,-1,-1,-1,1,1,neutral
11,1,1,0,1,0,1,0,3,32,0,0,-1,-1,-1,59,65,bad
21,1,1,0,1,1,1,0,3,7,0,0,-1,-1,-1,26,16,bad
22,1,1,0,1,1,1,1,14,51,0.14,0,-1,1,1,141,131,bad
31,1,1,0,0,0,1,0,2,1,0,0,-1,-1,-1,2,2,bad
23,1,1,0,1,1,1,1,1,1,0,0,-1,-1,-1,0,1,neutral
21,1,1,0,1,0,1,1,2,11,0,0,1,-1,0.5,51,46,neutral
20,1,1,0,1,1,1,1,2,11,0,0,1,1,1,34,14,good
67,0,1,0,1,1,1,0,2,8,0,0,1,1,1,42,12,neutral
19,1,1,0,1,1,1,1,2,1,0,0,-1,-1,-1,81,1,good
13,1,1,0,1,1,1,0,3,3,0,0,1,1,1,13,2,neutral
16,1,1,0,1,1,1,1,3,13,0,0,0.62,0.4,1,76,21,good
23,1,1,0,1,1,1,1,2,1,0,0,-1,-1,-1,1,1,good
23,1,1,0,1,1,1,1,1,2,0,0,-1,-1,-1,17,7,good
16,1,1,0,1,1,1,1,2,6,0,0,1,0.83,1,28,8,good
13,1,1,0,1,1,1,0,2,3,0,0,1,-1,1,4,2,bad
18,1,1,0,1,1,1,0,2,5,0,0,0.6,1,-1,31,25,bad
19,1,1,0,1,1,1,0,2,2,0,0,1,1,1,19,13,bad
17,1,1,0,1,1,1,0,1,0,0,-1,-1,-1,-1,2,1,bad
34,1,1,1,1,0,1,0,3,15,0,0,0.88,0.14,0.98,94,36,bad
84,1,1,0,1,0,0,1,4,2,0,0,1,1,1,10,7,bad
17,1,1,0,1,1,1,1,1,1,0,0,-1,-1,-1,1,1,good
11,1,1,0,1,1,1,0,1,0,0,-1,-1,-1,-1,1,0,bad
6,1,1,0,1,1,1,0,1,3,0,0,-1,-1,-1,2,2,bad
53,1,1,0,1,0,1,1,1,1,0,0,-1,-1,-1,1,2,good
28,1,1,1,1,1,1,1,4,11,0,0,0.7,0.9,1,28,7,neutral
24,1,1,0,1,0,1,1,2,22,0,0,1,1,1,58,53,neutral
40,1,1,0,1,0,1,0,2,3,0,0,-1,-1,-1,3,3,bad
40,1,1,0,1,0,1,0,2,5,0,0,-1,-1,-1,4,5,neutral
11,1,1,0,1,0,1,0,2,5,0,0,-1,-1,-1,6,4,bad
25,1,1,0,1,1,1,1,5,2,0,0,0.5,1,1,26,2,good
29,1,1,0,1,1,1,1,5,18,0,0,0.95,0.8,0.95,65,14,neutral
18,1,1,0,1,1,1,0,1,1,0,0,-1,-1,-1,1,1,neutral
11,1,1,0,1,1,1,0,9,83,0,0,1,0.95,0.59,321,197,bad
63,1,1,1,0,0,1,0,2,1,0,0,1,-1,1,5,7,neutral
30,1,1,1,0,1,1,0,1,0,0,-1,-1,-1,-1,1,1,neutral
35,1,1,1,1,1,1,1,34,398,0,0,0.1,1,-1,6925,6775,bad
51,1,1,1,0,0,1,1,1,0,1,-1,-1,-1,-1,6,0,neutral
72,0,1,1,1,1,0,1,8,8,0,0,0.97,0.03,0.9,3,78,neutral
53,1,1,1,1,0,1,1,10,237,0,0,1,0.06,0.66,617,469,bad
36,1,1,0,1,0,1,0,2,10,0.5,0,1,-1,1,12,6,bad
33,1,1,1,1,0,1,0,4,52,0,0,-1,-1,-1,82,68,bad
49,1,1,1,1,1,1,1,2,24,0.5,0,0.31,0.62,0.31,53,53,good
22,1,1,1,1,0,1,0,3,37,0,0,1,-1,0.55,126,89,bad
18,1,1,1,1,0,1,0,3,31,0,0,0.6,0.27,0.33,62,60,bad
34,1,1,1,1,1,1,1,1,0,0,-1,-1,-1,-1,1,1,neutral
34,0,1,1,1,0,0,0,26,300,0,0,0.84,0.35,0.48,1152,1140,bad
38,1,1,1,1,1,1,1,10,11,0,0,-1,-1,-1,22,28,neutral
39,0,1,1,1,0,1,0,6,6,0,0,0.33,-1,0.33,30,27,bad
53,0,1,1,1,1,1,1,1,2,1,0,1,-1,1,2,13,good
37,1,1,1,1,1,1,1,12,40,0,0,-1,-1,-1,65,65,neutral
58,0,1,1,1,1,1,1,12,21,0,0,-1,-1,-1,47,56,bad
42,1,1,1,1,1,1,1,11,15,0.09,0,1,-1,1,174,193,bad
26,1,1,1,1,1,1,1,11,12,0,0,-1,1,0.67,76,63,neutral
32,1,1,1,1,1,1,0,12,11,0,0,0.64,-1,0.55,9,37,neutral
41,1,1,1,1,1,0,1,2,3,0,0,-1,1,-1,36,15,good
37,1,1,1,1,1,0,0,1,1,0,0,-1,-1,-1,1,1,neutral
30,1,1,1,1,1,1,1,4,2,0.25,0,0.1,1,0.1,103,5,good
35,1,1,1,1,1,0,1,1,0,0,-1,-1,-1,-1,212,0,good
45,1,1,1,1,1,1,1,1,0,0,-1,-1,-1,-1,1,1,good
56,0,1,1,1,1,1,0,2,18,0.5,0,1,1,-1,52,60,neutral
55,1,1,1,1,1,1,1,1,0,0,-1,-1,-1,-1,1,1,good
33,1,1,1,1,1,1,1,17,16,0,0.12,-1,0.6,-1,41,35,neutral
33,1,1,1,1,1,1,1,2,2,0,0,-1,1,-1,58,34,good
30,1,1,1,1,1,1,1,1,0,0,-1,-1,-1,-1,2,2,good
35,1,1,1,1,1,1,1,1,0,0,-1,-1,-1,-1,2,0,good
62,1,1,0,0,1,0,1,12,12,0,0.42,-1,-1,-1,30,30,neutral
53,1,1,0,0,1,1,1,13,34,0,0,-1,-1,-1,64,64,neutral
43,1,1,0,0,1,1,1,1,0,1,-1,-1,-1,-1,0,3,good
39,1,1,0,1,1,0,0,1,0,0,-1,-1,-1,-1,18,3,bad
31,1,1,0,1,1,0,1,4,4,0,0,-1,-1,-1,0,25,good
40,1,1,0,1,1,0,1,23,180,0,0.01,-1,-1,-1,497,497,bad
39,1,1,0,1,1,0,1,1,0,1,-1,-1,-1,-1,0,0,neutral
34,1,1,0,1,1,0,1,6,2,0,0,1,-1,1,8,6,good
50,1,1,0,0,1,1,1,16,64,0,0,-1,-1,-1,115,115,neutral
35,1,1,0,1,1,1,1,1,0,1,-1,-1,-1,-1,27,27,good
52,1,1,0,0,1,1,1,2,8,0,0,-1,-1,-1,22,22,neutral
79,1,1,1,0,1,0,1,3,2,0,0,-1,-1,-1,17,12,bad
38,1,1,1,0,1,1,1,4,2,0,0,-1,-1,-1,18,14,good
61,1,1,0,0,1,1,1,1,0,0,-1,-1,-1,-1,6,7,good
60,1,1,1,0,1,1,1,2,0,0,-1,-1,-1,-1,11,10,good
75,1,1,1,0,1,0,1,1,25,1,0,0.25,-1,-1,32,28,neutral
56,1,1,0,0,1,1,1,4,4,0,0,-1,-1,-1,33,30,neutral
57,1,1,0,0,1,1,1,6,4,0,0,-1,-1,-1,11,11,neutral
55,1,1,0,0,1,1,1,4,6,0,0,-1,-1,-1,11,11,neutral
55,1,1,0,0,1,1,1,7,0,0,-1,-1,-1,-1,39,35,neutral
57,1,1,0,0,1,1,1,12,40,0,0,-1,-1,-1,63,63,neutral
66,1,1,1,0,1,1,1,1,41,1,0,-1,0.33,0.78,79,70,neutral
39,1,1,1,0,1,1,1,1,0,1,-1,-1,-1,-1,54,53,neutral
51,1,1,0,0,1,1,1,4,3,0,0,-1,-1,-1,12,12,neutral
29,1,1,1,0,1,1,1,1,1,0,0,-1,1,-1,27,23,good
26,1,1,1,0,1,1,1,5,5,0,0.2,0.73,1,0.73,98,86,neutral
60,1,1,1,0,1,0,1,1,15,1,0,-1,1,1,63,62,neutral
29,1,1,1,0,0,0,0,6,2,0.17,1,-1,-1,-1,12,4,neutral
40,1,1,1,1,1,0,1,1,0,0,-1,-1,-1,-1,8,2,good
49,1,1,1,0,1,1,1,2,3,0.5,0.33,-1,-1,-1,41,43,good
49,1,1,1,0,1,0,1,1,2,1,0.5,1,1,1,3,1,good
69,1,1,1,0,1,1,1,3,0,0.67,-1,-1,-1,-1,5,10,good
37,1,1,1,1,1,0,1,1,1,0,1,-1,-1,-1,0,6,good
29,1,1,1,1,1,0,1,28,214,0,0,-1,-1,-1,760,760,bad
35,1,1,1,1,1,0,1,1,0,1,-1,-1,-1,-1,7,5,good
36,1,1,1,1,1,1,1,6,0,0,-1,-1,-1,-1,0,262,good
66,0,1,1,0,1,0,1,9,15,0,0.67,0.09,-1,0.09,23,135,good
56,1,1,1,0,1,1,1,3,0,0,-1,-1,-1,-1,0,56,neutral
36,1,1,1,0,1,0,1,4,1,0,0,1,-1,1,5,35,good
80,1,1,1,0,1,0,1,4,1,0.25,0,1,1,1,16,6,bad
15,1,1,1,1,1,1,1,1,0,0,-1,-1,-1,-1,1,1,good
58,1,1,1,0,1,1,1,2,0,1,-1,-1,-1,-1,5,4,good
61,1,1,0,0,1,1,1,3,3,0,0,-1,-1,-1,14,14,good
34,1,1,0,0,1,1,1,2,6,0,0,1,1,1,17,19,good
64,1,1,0,1,1,1,1,1,0,1,-1,-1,-1,-1,0,2,good
68,1,1,0,0,1,1,1,3,5,0,0,-1,-1,-1,32,36,neutral
22,1,1,1,1,1,1,1,2,3,1,0,1,-1,1,0,26,good
69,0,1,1,0,1,1,1,19,0,0,-1,-1,-1,-1,160,130,bad
40,1,1,1,1,1,1,1,2,1,0.5,0,-1,-1,-1,5,4,good
52,1,1,0,1,1,1,1,1,0,1,-1,-1,-1,-1,1,0,good
53,1,1,1,0,1,1,1,2,0,0.5,-1,-1,-1,-1,5,5,good
50,1,1,0,0,1,1,1,5,10,0,0,-1,-1,-1,21,21,good
51,1,1,1,0,1,0,1,1,1,1,0,-1,-1,-1,2,2,neutral
53,1,1,1,1,1,1,1,2,0,1,-1,-1,-1,-1,15,14,good
55,1,1,1,1,1,1,1,2,0,1,-1,-1,-1,-1,5,4,good
63,1,1,0,0,1,1,1,4,3,0,0,-1,-1,-1,12,11,good
37,1,1,1,0,1,0,1,6,1,0.5,0,1,0.73,1,61,9,good
61,1,1,1,0,1,1,1,3,0,0.33,-1,-1,-1,-1,14,25,good
53,1,1,1,0,1,1,1,3,2,0.33,0.5,1,1,1,12,4,good
61,1,1,1,0,1,1,1,1,1,1,0,1,-1,1,5,19,good
44,1,1,1,1,1,1,1,1,1,0,0,-1,-1,-1,1,1,good
29,1,1,1,0,1,1,0,1,0,0,-1,-1,-1,-1,1,1,neutral
43,1,1,1,0,1,1,1,1,1,0,1,1,1,1,3,2,good
55,1,1,1,1,1,1,1,1,2,0,1,1,1,1,7,0,good
46,1,1,0,1,1,1,1,1,2,1,0,1,-1,1,0,8,good
62,1,1,0,1,1,1,1,1,4,1,0,-1,1,-1,6,0,good
29,1,1,1,0,1,1,0,2,0,0,-1,-1,-1,-1,4,1,neutral
64,1,1,1,1,1,1,1,2,5,0,0,1,-1,1,17,12,good
20,1,1,1,0,1,1,1,1,0,1,-1,-1,-1,-1,20,0,good
65,1,1,1,0,1,1,1,3,0,0,-1,1,1,1,69,0,neutral
31,1,1,1,0,1,1,1,6,0,0,-1,-1,-1,-1,115,0,neutral
47,1,1,1,0,1,1,1,5,0,0,-1,0.33,1,0.53,239,0,bad
92,1,1,1,0,1,0,1,2,2,0,0,-1,1,1,44,2,bad
73,0,1,1,0,1,0,1,5,0,0,-1,-1,-1,-1,59,3,bad
70,1,1,1,0,1,1,1,6,0,0,-1,-1,-1,-1,195,0,bad
59,0,1,1,0,1,1,1,3,3,0,0,0.13,1,1,52,4,good
41,1,1,1,0,1,1,1,35,0,0,-1,0.64,0.7,0.82,28854,0,bad
48,1,1,1,0,1,1,1,6,0,0,-1,1,1,1,80,0,good
51,1,1,1,0,1,1,1,3,0,0,-1,-1,-1,-1,60,1,neutral
41,1,1,1,0,1,1,0,1,1,0,0,-1,1,1,48,4,good
45,1,1,1,0,1,1,1,3,4,0,0,0.36,1,0.91,23,7,good
50,1,1,1,0,1,0,1,3,3,0,0,-1,1,0.8,74,9,good
58,0,1,1,0,1,0,1,3,7,0,0.14,0.16,1,0.71,128,3,neutral
17,1,1,1,0,0,1,0,1,1,0,0,-1,-1,-1,1,1,neutral
76,1,1,1,0,1,0,1,7,4,0,0,0.32,1,0.29,160,67,bad
45,1,1,1,0,1,1,1,1,3,0,0,1,1,1,26,2,good
67,1,1,1,0,1,1,1,4,7,0,0,0.75,0.9,1,161,10,neutral
39,1,1,1,0,1,1,1,2,4,0,0,1,0.43,1,31,7,good
52,1,1,1,0,1,1,1,3,17,0,0,1,1,1,92,13,neutral
39,1,1,1,0,1,1,1,1,0,0,-1,-1,-1,-1,1,1,good
50,1,1,1,0,1,1,1,5,9,0,0,0.17,1,0.17,65,5,neutral
44,1,1,1,0,1,0,1,4,14,0,0.07,0.39,1,0.63,145,11,neutral
34,1,1,1,0,1,1,1,4,7,0,0,1,1,1,65,16,good
44,1,1,1,0,1,1,1,4,4,0,0,0.23,1,1,57,9,good
49,1,1,1,0,1,1,1,4,10,0,0,0.46,0.79,0.67,226,9,bad
66,0,1,1,0,1,1,1,2,1,0,0,-1,-1,-1,13,2,neutral
62,1,1,1,0,1,1,1,4,4,0,0,-1,0.93,-1,85,9,neutral
48,1,1,1,0,1,1,1,1,7,0,0.14,-1,1,-1,21,20,good
72,1,1,1,0,1,0,1,4,4,0,0,0.41,0.59,0.41,116,3,bad
56,1,1,1,0,1,1,1,1,19,0,0,0.33,0.78,0.67,97,1,neutral
54,1,1,1,0,1,1,1,1,3,0,0,-1,1,0.55,20,9,good
37,1,1,1,0,1,1,1,1,1,0,0,1,-1,1,1,4,good
45,1,1,1,0,1,0,1,3,9,0,0.11,0.34,1,0.76,158,6,neutral
54,1,1,1,0,1,1,1,1,3,0,0,1,-1,1,53,60,good
66,1,1,1,0,1,1,1,2,1,0,0,-1,1,1,42,7,good
62,1,1,1,0,1,1,1,2,3,0,0,-1,1,0.96,53,14,neutral
48,1,1,1,0,1,1,1,2,1,0,0,-1,1,-1,16,1,good
62,1,1,1,0,1,1,1,3,6,0,0,-1,1,0.64,90,37,neutral
47,1,1,1,0,1,1,1,2,6,0,0,-1,-1,-1,22,8,good
74,1,1,1,0,1,0,0,2,3,0,0,0.75,1,1,31,4,bad
87,0,1,1,0,1,0,1,3,2,0,0,1,-1,-1,18,24,bad
67,1,1,1,0,1,1,1,3,1,0,0,-1,1,-1,12,7,neutral
55,1,1,1,0,1,1,1,5,5,0,0,0.93,0.78,0.93,203,2,neutral
57,1,1,1,0,1,1,1,1,18,0,0,1,0.67,1,77,3,good
57,1,1,1,0,1,1,1,3,4,0,0,-1,1,1,46,3,good
47,1,1,1,0,1,1,1,1,1,0,0,-1,1,1,11,6,good
46,1,1,1,0,1,1,1,3,1,0,1,-1,-1,-1,5,5,good
64,1,1,1,0,1,0,1,3,3,0,0,0.13,1,0.05,149,4,neutral
38,1,1,1,0,1,1,1,1,2,0,0.5,1,-1,1,42,35,good
58,1,1,1,0,1,1,1,4,9,0,0.22,1,0.92,1,55,15,good
68,1,1,1,0,1,1,1,4,7,0,0,-1,1,-1,44,25,good
29,1,1,1,0,1,1,1,3,9,0,0,1,1,1,32,11,good
71,1,1,1,0,1,0,1,2,2,0,0,0.75,1,1,13,10,neutral
43,1,1,1,0,1,1,1,1,1,0,1,-1,-1,-1,1,1,good
48,1,1,1,0,1,1,1,4,15,0,0,0.62,0.8,0.11,111,12,bad
60,1,1,1,0,1,1,1,4,19,0,0,0.9,1,0.9,31,15,good
65,1,1,1,0,1,1,1,2,1,0,0,1,1,1,6,1,good
53,1,1,1,0,1,1,1,5,1,0,0,-1,-1,-1,5,22,good
42,1,1,1,0,1,1,1,1,0,0,-1,-1,-1,-1,23,1,good
39,1,1,1,0,0,1,1,1,0,0,-1,-1,-1,-1,8,0,good
65,1,1,1,0,1,0,1,5,7,0,0,0.84,0.95,0.26,62,12,neutral
57,1,1,1,0,1,1,1,2,1,0,0,-1,-1,-1,8,1,good
53,1,1,1,0,1,1,1,4,11,0,0,0.35,0.69,0.69,123,5,bad
68,0,1,1,0,1,1,1,2,7,0,0,0.48,1,0.48,55,1,neutral
51,1,1,1,0,1,1,1,2,12,0,0.08,0.43,0.87,0.43,119,0,bad
43,1,1,1,0,1,1,1,3,2,0,0.5,1,1,1,18,0,good
58,1,1,1,0,1,1,1,5,7,0,0,0.19,0.24,0.97,84,7,neutral
42,1,1,1,0,1,1,1,1,2,0,0,1,0.33,1,7,1,good
52,1,1,1,0,1,0,1,3,2,0,0,-1,1,1,25,16,good
52,1,1,1,0,1,1,1,3,1,0,0,-1,1,-1,18,3,good
52,1,1,1,0,1,1,1,2,2,0,0,-1,1,-1,22,5,good
83,1,1,1,0,1,0,1,4,13,0,0.08,-1,-1,-1,36,30,bad
76,1,1,1,0,1,0,0,3,1,0,0,-1,1,-1,29,8,bad
42,1,1,1,0,1,1,1,1,0,0,-1,-1,-1,-1,21,0,good
68,1,1,1,0,1,1,1,3,2,0,0,0.06,1,1,49,2,neutral
64,1,1,1,0,1,1,1,2,1,0,0,-1,1,-1,12,0,good
65,1,1,1,0,1,1,1,3,8,0,0,-1,1,0.24,72,5,neutral
46,1,1,1,0,1,1,1,2,2,0,0,1,1,1,29,1,good
44,1,1,1,0,1,1,1,1,1,0,0,-1,1,1,3,1,good
68,1,1,1,0,0,1,1,2,1,0,0,1,-1,1,20,1,neutral
61,1,1,1,0,1,0,1,1,0,0,-1,-1,-1,-1,0,3,neutral
78,1,1,1,0,1,0,1,1,9,0,0,1,0.83,1,54,13,bad
79,1,1,1,0,1,0,1,3,4,0,0,1,0.8,1,10,4,bad
58,1,1,1,0,1,1,1,1,5,0,0.4,-1,-1,-1,38,15,good
81,1,1,1,0,1,0,1,1,1,0,0,-1,1,-1,16,1,bad
70,1,1,1,0,1,1,1,4,2,0,0,1,1,1,39,1,good
267,0,1,1,0,0,0,1,13,0,0,-1,0.76,1,1,394,0,bad
55,0,1,1,0,0,1,0,3,4,0,0,1,1,1,4,2,bad
82,1,1,1,0,1,0,1,1,1,0,0,-1,1,-1,3,2,bad
59,1,1,1,0,1,1,1,2,2,0,0,1,1,1,14,2,good
44,1,1,1,0,1,0,1,2,0,1,-1,-1,-1,-1,0,32,good
79,0,1,1,0,1,0,1,1,2,0,0,-1,0.33,0.67,10,5,bad
77,1,1,1,0,1,0,1,1,11,0,0,1,-1,1,22,13,bad
85,1,1,1,0,1,0,1,3,3,0,0,1,1,1,43,11,bad
38,1,1,1,0,1,0,1,3,0,0,-1,0.46,0.89,0.57,473,0,bad
51,1,1,1,0,1,1,1,2,0,0,-1,0.52,1,1,96,0,good
63,1,1,1,0,1,0,1,4,2,0,0,0.13,0.71,0.13,222,0,neutral
49,1,1,1,0,1,1,1,3,2,0,0,-1,-1,-1,14,1,good
69,1,1,1,1,1,1,1,5,0,0.6,-1,-1,-1,-1,85,0,neutral
23,1,1,1,1,1,1,1,1,0,0,-1,-1,-1,-1,42,0,good
54,1,1,1,1,1,1,1,1,0,1,-1,-1,-1,-1,1,1,good
16,1,1,1,1,1,1,1,2,0,0,-1,-1,-1,-1,2,2,neutral
40,1,1,1,1,1,1,0,1,0,1,-1,-1,-1,-1,1,1,good
24,1,1,1,1,0,1,1,1,0,0,-1,-1,-1,-1,1,1,good
50,0,1,1,1,1,1,1,10,0,0,-1,-1,-1,-1,297,7,bad
43,1,1,1,1,1,1,1,6,0,0,-1,-1,-1,-1,13,3,good
31,1,1,1,1,1,1,1,5,0,0,-1,-1,-1,-1,5,5,good
19,1,1,1,1,1,1,1,1,0,0,-1,-1,-1,-1,20,0,good
46,1,1,0,1,1,1,1,8,0,0,-1,-1,-1,-1,16,16,good
58,1,1,1,1,0,1,1,5,0,0,-1,-1,-1,-1,5,5,good
64,1,1,1,1,0,1,1,5,0,0,-1,-1,-1,-1,5,5,neutral
62,1,1,1,1,1,1,1,16,0,0,-1,-1,-1,-1,438,222,bad
15,1,1,1,1,1,1,1,4,0,0,-1,-1,-1,-1,4,4,good
28,1,1,1,1,1,1,1,2,0,0,-1,-1,-1,-1,2,2,good
35,1,1,1,1,1,1,1,1,0,0,-1,-1,-1,-1,6,1,good
104,1,1,1,1,1,0,1,5,0,0,-1,-1,-1,-1,0,5,bad
19,1,1,1,1,1,1,1,1,0,0,-1,-1,-1,-1,1,0,good
24,1,1,0,1,1,1,1,1,0,0,-1,-1,-1,-1,1,0,good
11,1,1,0,1,1,1,1,1,0,0,-1,-1,-1,-1,1,0,neutral
11,1,1,0,1,1,1,1,1,0,0,-1,-1,-1,-1,1,0,neutral
11,1,1,0,1,1,1,1,1,0,0,-1,-1,-1,-1,1,0,neutral
11,1,1,0,1,1,1,1,1,0,0,-1,-1,-1,-1,1,0,neutral
11,1,1,0,1,1,1,1,1,0,0,-1,-1,-1,-1,1,0,neutral
11,1,1,0,1,1,1,1,1,0,0,-1,-1,-1,-1,1,0,neutral
18,1,1,1,1,1,1,1,3,0,0,-1,-1,-1,-1,0,149,good
20,1,1,1,1,1,1,1,2,0,0,-1,-1,-1,-1,2,2,good
35,1,1,1,1,1,1,1,2,0,0,-1,-1,-1,-1,2,2,good
35,1,1,1,1,1,1,1,2,0,0,-1,-1,-1,-1,2,2,good
19,1,1,1,1,1,1,0,3,0,0,-1,-1,-1,-1,3,3,neutral
33,1,1,1,1,1,1,1,1,0,0,-1,-1,-1,-1,4,1,good
46,0,1,1,1,1,1,1,2,0,0,-1,-1,-1,-1,8,2,good
22,1,1,1,1,1,1,1,3,0,0,-1,-1,-1,-1,12,3,good
39,1,1,1,1,0,1,1,6,0,0,-1,-1,-1,-1,6,6,good
115,1,1,1,1,1,0,1,6,0,0,-1,-1,-1,-1,0,6,bad
87,1,1,1,1,1,0,1,9,0,0.67,-1,-1,-1,-1,198,93,bad
49,1,1,1,1,1,1,1,6,0,0,-1,-1,-1,-1,6,6,good
17,1,1,1,1,1,1,1,6,0,0,-1,-1,-1,-1,6,0,good
45,0,1,1,1,1,1,1,6,0,0,-1,-1,-1,-1,66,60,bad
44,1,1,1,1,1,0,1,21,0,0.29,-1,-1,-1,-1,550,12,bad
59,1,1,1,1,1,1,1,4,0,0,-1,-1,-1,-1,28,8,good
39,1,1,1,1,1,1,1,6,0,0,-1,-1,-1,-1,6,6,good
15,1,1,1,1,1,1,1,17,0,0,-1,-1,-1,-1,517,6,bad
35,0,1,1,1,1,1,0,2,0,0,-1,-1,-1,-1,2,2,neutral
22,1,1,1,1,0,1,0,3,0,0,-1,-1,-1,-1,3,3,bad
5,1,1,1,1,0,1,0,4,0,0,-1,-1,-1,-1,4,4,bad
15,1,1,1,1,1,1,1,1,0,0,-1,-1,-1,-1,8,0,good
30,1,1,1,1,1,1,1,4,0,0,-1,-1,-1,-1,4,4,good
33,1,1,1,0,1,1,1,10,0,0,-1,-1,-1,-1,60,10,neutral
75,1,1,1,1,0,0,0,1,0,0,-1,-1,-1,-1,1,1,bad
13,1,1,1,1,1,1,1,1,0,0,-1,-1,-1,-1,1,1,neutral
47,0,1,1,1,1,1,1,2,0,0,-1,-1,-1,-1,2,2,neutral
24,0,1,1,1,1,1,0,2,0,0,-1,-1,-1,-1,2,2,neutral
22,1,1,1,0,1,1,1,5,0,0,-1,-1,-1,-1,5,5,good
59,1,1,1,1,1,1,1,10,0,0,-1,-1,-1,-1,29,92,neutral
50,1,1,1,1,1,1,1,9,0,0,-1,-1,-1,-1,9,9,neutral
45,0,1,1,1,1,1,1,6,0,0,-1,-1,-1,-1,6,6,neutral
25,1,1,1,1,1,1,1,3,0,0,-1,-1,-1,-1,3,3,neutral
35,1,1,1,1,1,1,1,3,0,0,-1,-1,-1,-1,0,3,good
31,1,1,1,1,1,1,0,9,0,0,-1,-1,-1,-1,9,9,bad
16,1,1,1,1,0,1,0,1,0,1,-1,-1,-1,-1,20,20,neutral
4,1,1,0,1,0,1,0,1,0,0,-1,-1,-1,-1,1,1,bad
36,1,1,1,1,1,0,1,9,0,0,-1,-1,-1,-1,9,9,good
45,1,1,1,1,1,1,1,9,0,0,-1,-1,-1,-1,9,9,good
35,0,1,1,1,1,1,0,9,0,0,-1,-1,-1,-1,9,9,bad
50,0,1,1,1,1,1,1,4,0,0,-1,-1,-1,-1,10,1,neutral
35,1,1,1,1,1,1,0,9,0,0,-1,-1,-1,-1,18,18,good
29,1,1,1,1,0,1,0,1,0,0,-1,-1,-1,-1,1,1,neutral
13,1,1,1,1,1,1,1,3,0,0,-1,-1,-1,-1,3,3,neutral
23,1,1,1,1,1,1,1,1,0,1,-1,-1,-1,-1,29,0,good
37,1,1,1,1,1,1,1,9,0,0,-1,-1,-1,-1,9,9,good
59,0,1,1,1,1,1,1,9,0,0,-1,-1,-1,-1,9,9,neutral
26,1,1,1,1,1,1,1,9,0,0,-1,-1,-1,-1,0,9,good
58,1,1,1,1,1,1,1,9,0,0,-1,-1,-1,-1,54,9,neutral
31,1,1,1,1,1,1,0,9,0,0,-1,-1,-1,-1,9,9,bad
26,1,1,1,1,0,1,0,10,0,0,-1,-1,-1,-1,46,10,bad
49,1,1,1,1,0,1,1,3,0,0,-1,-1,-1,-1,6,0,good
38,0,1,1,1,1,1,0,9,0,0,-1,-1,-1,-1,9,9,bad
7,1,1,1,1,1,1,1,9,0,0,-1,-1,-1,-1,9,9,bad
33,1,1,1,1,0,1,1,1,0,0,-1,-1,-1,-1,2,2,good
46,1,1,1,1,1,1,1,9,0,0,-1,-1,-1,-1,18,18,good
36,0,1,1,1,1,1,0,9,0,0,-1,-1,-1,-1,9,9,bad
78,0,1,1,1,1,0,0,7,0,0,-1,-1,-1,-1,48,37,bad
32,1,1,1,1,1,1,1,14,0,0.21,-1,-1,-1,-1,542,3,bad
76,0,1,1,1,1,0,1,5,0,0.4,-1,-1,-1,-1,11,15,bad
36,0,1,1,1,1,1,0,9,0,0,-1,-1,-1,-1,9,9,bad
20,1,1,0,1,1,1,1,3,0,0,-1,-1,-1,-1,3,3,good
64,1,1,0,1,0,1,1,1,0,1,-1,-1,-1,-1,1,1,neutral
75,1,1,1,1,1,0,1,2,0,0,-1,-1,-1,-1,64,14,neutral
13,1,1,1,1,1,1,1,24,0,0,-1,-1,-1,-1,768,168,bad
37,1,1,1,1,0,1,1,13,0,0,-1,-1,-1,-1,39,26,neutral
28,1,1,1,1,1,1,1,13,0,0,-1,-1,-1,-1,26,39,neutral
36,0,1,1,1,1,1,1,9,0,0,-1,-1,-1,-1,9,9,neutral
26,1,1,1,1,1,1,0,3,0,0,-1,-1,-1,-1,3,3,neutral
83,1,1,1,1,1,0,1,4,0,0,-1,-1,-1,-1,4,4,bad
76,0,1,1,1,1,0,1,7,0,0,-1,-1,-1,-1,9,9,bad
57,1,1,1,1,1,1,1,1,0,1,-1,-1,-1,-1,3,0,good
184,0,1,1,1,1,0,1,1,0,1,-1,-1,-1,-1,2,2,bad
28,1,1,1,1,1,1,1,3,0,0,-1,-1,-1,-1,3,3,good
